EMPRESA;ID_INTERNO;ID_CLIENTE;NIT_CEDULA;NOMBRE_FACTURACION;CODIGO_SIC;TIPO_CLIENTE;GRUPO_CLIENTE;DIRECCION_CORRESPONDENCIA;CIUDAD_CORRESPONDENCIA;DIRECCION_FRONTERA;MUNICIPIO;DEPARTAMENTO;NOMBRE_SUCURSAL;ESTRATO;CLIENTES_INTERNO;FACTURABLE;ID_INTERNO_PADRE;NOMBRE_PADRE;MERCADO;ESTADO;FECHA_ESTADO;ESTADO_OPERATIVO;FECHA_INSCRIPCION;ASESOR;NIVEL_TENSION;OPERADOR_RED;NUMERO_CIRCUITO;GRUPO_CIRCUITO;TIPO_RED;NIVEL_CONEXION;DUEÑO_RED;CODIGO_CIIU;ACTIVIDAD_ECONOMICA;CODIGO_NIU;DEMANDA_MINIMA;DEMANDA_PROMEDIO;SUB_MERCADO;CONTRIBUCION;MAXIMA_TRANSFERENCIA;SERIE_MEDIDOR;SIGLA_MEDIDOR;MARCA_MEDIDOR;TIPO_COMUNICACION;CONDICION_COMUNICACION;TIPO_CONMUTACION;CANAL_COMUNICACION;TELEFONO_IP;SERIE_TRAFO;MULTIPLO;APLICA_MULTIPLO;DIGITOS;DECIMALES;KWH_FACTURA_PROMEDIO;KWH_ULTIMA_FACTURA;PESOS_ULTIMA_FACTURA;CONSECUTIVO OFERTA;CONSUMO PROMEDIO;ORDEN RUTA;ORDEN REPARTO;ORDEN IMPRESION
EXEC;1032;1032;801200365;PRUEBA EMPSII;Frt38730R;FRONTERA;NO REGULADO;;; ADL    ;CALI;VALLE;ENEL COLOMBIA;2;N;S;;N/A;NO REGULADO;EN REGISTRO;28/09/2022;;;;3;CODENSA-EEC;0;0;SUBTERRANEA;NIVEL 1-2;100% USUARIO;111;CULTIVO DE CEREALES EXCEPTO ARROZ LEGUMBRES Y SEMILLAS OLEAGINOSAS ;123456;0;;COMERCIAL;SI;;SERIE003;;ABB;0;;;;;;1;S;1;2;;;;;;;;
EXEC;1033;1033;805987001;PRUEBA EMPSII;Frt38731R;FRONTERA;NO REGULADO; CL 2 C    1   ;; ADL    ;CALI;VALLE;ENEL COLOMBIA;2;N;S;1037;N/A;REGULADO;RETIRADO;01/07/2022;;;GERMÁN	BOHÓRQUEZ;4;CODENSA-EEC;1;2;SUBTERRANEA;;100% USUARIO;111;CULTIVO DE CEREALES EXCEPTO ARROZ LEGUMBRES Y SEMILLAS OLEAGINOSAS ;3423453;;;INDUSTRIAL;SI;;75457867888;;LANDYS;0;;;;;;5;N;4;;;;;1;567;;;
EXEC;1037;1037;800101323;EMPSII PRUEBA 100% OR;FRT123456;FRONTERA;NO APLICA;CARRERA 45 N 24-54;;CALLE 45 N° 67-86;BUCARAMANGA;SANTANDER;ENEL COLOMBIA;;N;S;;N/A;REGULADO;RETIRADO;01/06/2022;VISITA TECNICA;;NATALIA	LEMA;1;CODENSA-EEC;1;2;AEREA;NIVEL 1-2;100% OPERADOR;130;PROPAGACIÓN DE PLANTAS ACTIVIDADES DE LOS VIVEROS EXCEPTO VIVEROS FORESTALES;123456;0;;COMERCIAL;SI;;SERIE100%OR;;ABB;0;;;;;;1;S;1;2;0;340060.897;4500;2;123;;;
EXEC;1038;1038;800101323;EMPSII PRUEBA 100%USUARIO;FRT123457;FRONTERA;NO APLICA;CALLE 4#5-107;;CALLE 8 #5-.108;BOGOTA;CUNDINAMARCA;ENEL COLOMBIA;;N;S;;N/A;REGULADO;RETIRADO;01/01/2022;VISITA TECNICA;;NATALIA	LEMA;1;CODENSA-EEC;1;0;AEREA;NIVEL 1-2;100% USUARIO;111;CULTIVO DE CEREALES EXCEPTO ARROZ LEGUMBRES Y SEMILLAS OLEAGINOSAS ;1234;0;;COMERCIAL;SI;;SERIE100%USUARIO;;ABB;0;;;;;;1;S;1;2;0;330273.023;323960620;3;123;;;
EXEC;1041;1041;802024363;EMPSII PRUEBA NT2;FRT123458;FRONTERA;NO APLICA;CALLE 8#5-2;;CARRERA 6 #6-12;BOGOTA;CUNDINAMARCA;ENEL COLOMBIA;;N;S;;N/A;REGULADO;EN CONTACTO;01/01/2022;SUSPENSION POR SOLICITUD DEL USUARIO;;GERMÁN	BOHÓRQUEZ;2;CODENSA-EEC;0;0;AEREA;NIVEL 1-2;100% USUARIO;111;CULTIVO DE CEREALES EXCEPTO ARROZ LEGUMBRES Y SEMILLAS OLEAGINOSAS ;1234;0;;COMERCIAL;SI;;SERIE NT2;;ABB;0;;;;;;1;S;1;2;0;1141056.933;965216070;4;123;;;
EXEC;1042;1042;802024363;EMPSII PRUEBA NT3;FRT123459;FRONTERA;NO APLICA;CARRERA5 #5-.1;;CALLE 8#5-13;BOGOTA;CUNDINAMARCA;ENEL COLOMBIA;;N;S;;N/A;REGULADO;EN CONTACTO;01/01/2022;VISITA TECNICA;;GERMÁN	BOHÓRQUEZ;3;CODENSA-EEC;0;0;AEREA;NIVEL 1-3;100% USUARIO;112;CULTIVO DE ARROZ ;1234;0;;COMERCIAL;SI;;SERIE NT3;;ABB;0;;;;;;1;S;1;2;0;1014202.74;774395500;5;123;;;
EXEC;1043;1043;802024363;PRUEBA CAPACITACION;FRT00001;FRONTERA;NO APLICA; ADL 1 A  DAFASDFASDF;; AV 1 A NORTE  CL 70 R;CALI;VALLE;ENEL COLOMBIA;0;N;N;1033;N/A;REGULADO;EN CONTACTO;01/06/2022;ACTIVO;;GERMÁN	BOHÓRQUEZ;2;CODENSA-EEC;0;0;SUBTERRANEA;;100% USUARIO;1313;ACABADO DE PRODUCTOS TEXTILES ;1043;;;INDUSTRIAL;NO;;;;;0;;;;;;;;;;;;;6;;;;
EXEC;1048;1048;800047359;INR INVERSIONES REINOSO Y CIA LTDA;Frt46952;FRONTERA;NO APLICA; CR 13 A    7     54  INTERIOR   3   ;; CR 13 A    7     54  INTERIOR   3   ;MOSQUERA;CUNDINAMARCA;ENEL COLOMBIA;0;N;S;;N/A;REGULADO;CLIENTE;25/08/2022;ACTIVO;;ANDREA SAENZ;2;CODENSA-EEC;12;0;SUBTERRANEA;NIVEL 1-2;100% USUARIO;2930;FABRICACIÓN DE PARTES PIEZAS UTOPARTES Y ACCESORIOS LUJOS PARA VEHÍCULOS AUTOMOTORES;3601975;0;;INDUSTRIAL;NO;;10070590;;METCOM;0;;;;;;760;S;5;3;42332.456;44467.6;22779670;7;;;;
EXEC;1049;1049;800047359;INR INVERSIONES REINOSO Y CIA LTDA;Frt46958;FRONTERA;NO APLICA; CR 13 A    7     54  INTERIOR   1   ;; CR 13 A    7     54  INTERIOR   1   ;MOSQUERA;CUNDINAMARCA;ENEL COLOMBIA;0;N;S;;N/A;REGULADO;CLIENTE;01/09/2022;;05/08/2022;ANDREA SAENZ;1;CODENSA-EEC;12;4;AEREA;NIVEL 1-3;100% OPERADOR;2930;FABRICACIÓN DE PARTES PIEZAS UTOPARTES Y ACCESORIOS LUJOS PARA VEHÍCULOS AUTOMOTORES;2529712;0;;INDUSTRIAL;NO;;22021031;;MICROSTAR;0;;;;;;1;S;5;3;1541.93;1486.075;1012350;8;;;;
EXEC;1050;1050;800047359;INR INVERSIONES REINOSO Y CIA LTDA;Frt46959;FRONTERA;NO APLICA; CR 13 A    7     54   ;; CR 13 A    7     54  INTERIOR   2   ;MOSQUERA;CUNDINAMARCA;ENEL COLOMBIA;0;N;S;;N/A;REGULADO;CLIENTE;01/09/2022;;05/08/2022;ANDREA SAENZ;1;CODENSA-EEC;12;4;AEREA;NIVEL 1-3;100% OPERADOR;2930;FABRICACIÓN DE PARTES PIEZAS UTOPARTES Y ACCESORIOS LUJOS PARA VEHÍCULOS AUTOMOTORES;2497156;0;;INDUSTRIAL;NO;;21111032;;MICROSTAR;0;;;;;;1;S;5;3;820.692;803.13;556620;11;;;;
EXEC;1051;1051;860001576;MARCALI SA SEDE 1;Frt07392;FRONTERA;NO APLICA; CR 13    CL 34     76   ;; CR 13    CL 34     76   ;BOGOTA;CUNDINAMARCA;ENEL COLOMBIA;0;N;S;;N/A;REGULADO;CLIENTE;22/12/2022;CONTACTO;25/08/2022;ANDREA SAENZ;1;CODENSA-EEC;9;4;SUBTERRANEA;NIVEL 1-3;100% USUARIO;4511;COMERCIO DE VEHÍCULOS AUTOMOTORES NUEVOS;425903;0;;COMERCIAL;SI;;2924242;;ELSTER;0;;;;;;120;S;5;3;8898.552;26876.125;20125200;9;;;;
EXEC;1052;1052;860001576;MARCALI SA SEDE 2;Frt07361;FRONTERA;NO APLICA; CR 13    CL 34     76   ;; CR 13    CL 34     76   ;BOGOTA;CUNDINAMARCA;ENEL COLOMBIA;0;N;S;;N/A;REGULADO;CLIENTE;22/12/2022;;25/08/2022;ANDREA SAENZ;1;CODENSA-EEC;8;4;SUBTERRANEA;NIVEL 1-2;100% USUARIO;4511;COMERCIO DE VEHÍCULOS AUTOMOTORES NUEVOS;425775;0;;COMERCIAL;SI;;2924235;;ELSTER;0;;;;;;120;S;5;3;11577.18;38252.646;27844940;10;;;;
EXEC;1053;1053;901014446;COLD LINE SAS;Frt47240;FRONTERA;NO APLICA; CL 17     69     85   ;; CL 17     69     85   ;BOGOTA;CUNDINAMARCA;ENEL COLOMBIA;0;N;S;;N/A;REGULADO;CLIENTE;22/09/2022;OFERTA;25/08/2022;ANDREA SAENZ;2;CODENSA-EEC;12;4;SUBTERRANEA;NIVEL 1-2;100% USUARIO;2819;FABRICACIÓN DE OTROS TIPOS DE MAQUINARIA Y EQUIPO DE USO GENERAL NCP;2775028;0;;INDUSTRIAL;NO;;10070589;;METCOM;0;;;;;;570;S;5;3;33536.808;43309.17;26467060;12;35140;;;
EXEC;1062;1062;901408937;FUNDICIONES GANIMEDES SAS PLANTA BOGOTA;Frt39821;FRONTERA;NO APLICA; CR 123    CL 14     37   ;; CR 123    CL 14     37   ;BOGOTA;CUNDINAMARCA;ENEL COLOMBIA;0;N;S;;N/A;REGULADO;CLIENTE;22/12/2022;;25/08/2022;ANDREA SAENZ;2;CODENSA-EEC;11;4;SUBTERRANEA;NIVEL 1-2;100% USUARIO;2431;FUNDICIÓN DE HIERRO Y DE ACERO;2382061;0;;INDUSTRIAL;NO;;2895168;;ELSTER;0;;;;;;2000;S;5;3;15366.1;51693.85;28209700;13;100132;;;
EXEC;1066;1066;900746884;CEBARTE SAS;Frt47174;FRONTERA;NO APLICA; CL 11     37     58    BG 3   ;; CL 11     37     58    BG 3   ;ZIPAQUIRA;CUNDINAMARCA;ENEL COLOMBIA;0;N;S;;N/A;REGULADO;CLIENTE;15/09/2022;;25/08/2022;GISELL ORIANA PINTO MORENO;1;CODENSA-EEC;12;4;AEREA;NIVEL 1-3;100% USUARIO;144;CRÍA DE GANADO PORCINO;4707671;0;;INDUSTRIAL;NO;;22032003;;MICROSTAR;0;;;;;;1;S;5;3;12612.845;14622.026;9161450;14;16000;;;
EXEC;1069;1069;901156735;CARIBE FOOD GROUP S.A.S.;Frt47565;FRONTERA;NO APLICA;CL DEL ESPIRITU SANTO 29-200;;CL DEL ESPIRITU SANTO 29-200;CARTAGENA;BOLIVAR;ENEL COLOMBIA;0;N;S;;N/A;REGULADO;CLIENTE;01/11/2022;;25/08/2022;JUANITA CASAS;1;CARIBEMAR;12;0;AEREA;NIVEL 1-3;100% USUARIO;5611;EXPENDIO A LA MESA DE COMIDAS PREPARADAS ;1172339;0;;COMERCIAL;SI;;10070567;;METCOM;0;;;;;;60;S;5;3;12678.998;14091.017;12085140;22;12480;;;
EXEC;1072;1072;901383865;CENTRO COMERCIAL PASEO VILLA DEL RIO - PROPIEDAD HORIZONTAL ZONAS COMUNES;Frt42131;FRONTERA;NO APLICA; CR 63     57 G   SUR 46   ;; CR 63     57 G   SUR 46   ZONAS COMUNES;BOGOTA;CUNDINAMARCA;ENEL COLOMBIA;0;N;S;;N/A;REGULADO;CLIENTE;13/10/2022;;12/10/2022;ANDREA SAENZ;2;CODENSA-EEC;12;3;SUBTERRANEA;NIVEL 1-3;100% USUARIO;9499;ACTIVIDADES DE OTRAS ASOCIACIONES NCP ;7383159;0;;COMERCIAL;SI;;502035045;;CIRWATT;0;;;;;;1900;S;5;3;169201.333;198911;128097520;16;178980;;;
EXEC;1074;1074;811017548;ESTAMPADOS ESPECIALES  SAS SEDE 1;Frt28271;FRONTERA;NO APLICA; CL 54     46     95   ;; CL 54     46     95   ;ITAGUÍ;ANTIOQUIA;ENEL COLOMBIA;0;N;S;;N/A;REGULADO;CLIENTE;27/10/2022;;12/10/2022;GISELL ORIANA PINTO MORENO;1;EPM-EADE;12;0;SUBTERRANEA;NIVEL 1-3;100% OPERADOR;1313;ACABADO DE PRODUCTOS TEXTILES ;75414695;0;;INDUSTRIAL;NO;;56793190;;LANDYS;0;;;;;;60;S;6;2;16383.254;17470.41;12582810;17;29000;;;
EXEC;1078;1078;830037833;PLASTICOS HERSON SAS;Frt33249;FRONTERA;NO APLICA;MP DE FUNZA VIA SIBERIA KM 2 - 5 PAR INDUSTRIAL GALICIA BG 4;;MP DE FUNZA VIA SIBERIA KM 2-5 PAR INDUSTRIAL GALICIA BG 4;FUNZA;CUNDINAMARCA;ENEL COLOMBIA;0;N;S;;N/A;REGULADO;CLIENTE;10/11/2022;;09/09/2022;ANDREA SAENZ;2;CODENSA-EEC;12;0;SUBTERRANEA;NIVEL 1-2;100% USUARIO;2229;FABRICACIÓN DE ARTÍCULOS DE PLÁSTICO NCP;3231854;0;;INDUSTRIAL;NO;;59003352;;ITRON;0;;;;;;570;S;5;3;44511.842;34361.33;18150880;19;;;;
EXEC;1079;1079;900231017;SURTIPLAST CT SAS  SEDE 2;Frt49509;FRONTERA;NO APLICA; CL 35 SUR    69     27   ;; CL 35 SUR    69     27   ;BOGOTA;CUNDINAMARCA;ENEL COLOMBIA;0;N;S;;N/A;REGULADO;CLIENTE;22/12/2022;;09/09/2022;GISELL ORIANA PINTO MORENO;2;CODENSA-EEC;24;4;AEREA;NIVEL 1-2;100% USUARIO;2229;FABRICACIÓN DE ARTÍCULOS DE PLÁSTICO NCP;1617832;0;;INDUSTRIAL;NO;;10005568;;METCOM;0;;;;;;950;S;5;3;2540.893;193874.1;102235190;31;215000;;;
EXEC;1080;1080;830102216;PROCESOS Y SERVICIOS SAS - SEDE PRADO VERANIEGO;Frt47739;FRONTERA;NO APLICA; CR 50     130     49   ;; CR 50     130     49   ;BOGOTA;CUNDINAMARCA;ENEL COLOMBIA;0;N;S;;N/A;REGULADO;CLIENTE;10/11/2022;;15/09/2022;ANDREA SAENZ;1;CODENSA-EEC;12;4;AEREA;NIVEL 1-3;100% OPERADOR;6201;ACTIVIDADES DE DESARROLLO DE SISTEMAS INFORMÁTICOS  PLANIFICACIÓN ANÁLISIS DISEÑO PROGRAMACIÓN PRUEBAS;723571;0;;COMERCIAL;SI;;22032002;;MICROSTAR;0;;;;;;1;S;5;3;11378.878;14230.148;11584080;20;;;;
EXEC;1081;1081;830102216;PROCESOS Y SERVICIOS SAS - SEDE MONTEVIDEO;Frt47740;FRONTERA;NO APLICA; AK 68 D    13     67   ;; AK 68 D    13     67   ;BOGOTA;CUNDINAMARCA;ENEL COLOMBIA;0;N;S;;N/A;REGULADO;CLIENTE;10/11/2022;;16/09/2022;ANDREA SAENZ;1;CODENSA-EEC;12;4;SUBTERRANEA;NIVEL 1-3;100% OPERADOR;6201;ACTIVIDADES DE DESARROLLO DE SISTEMAS INFORMÁTICOS  PLANIFICACIÓN ANÁLISIS DISEÑO PROGRAMACIÓN PRUEBAS;1593765;0;;COMERCIAL;SI;;22032001;;MICROSTAR;0;;;;;;1;S;5;3;2718.881;3826.905;3400720;21;;;;
EXEC;1082;1082;900411450;COLOMBIANA DE BOLSAS PLASTICAS SAS - COLBOPLAST SAS;Frt47683;FRONTERA;NO APLICA; CL 37 A SUR   68 I    59   ;; CL 37 A SUR   68 I    59   ;BOGOTA;CUNDINAMARCA;ENEL COLOMBIA;0;N;S;;N/A;REGULADO;CLIENTE;17/11/2022;;16/09/2022;ANDREA SAENZ;1;CODENSA-EEC;17;4;AEREA;NIVEL 1-3;100% OPERADOR;2221;FABRICACIÓN DE FORMAS BÁSICAS DE PLÁSTICO;1441968;0;;INDUSTRIAL;NO;;2924107;;ELSTER;0;;;;;;60;S;5;3;11476.805;8832.651;6143340;23;16210;;;
EXEC;1083;1083;901125888;PARQUE COMERCIAL Y RESIDENCIAL VICTORIA - PROPIEDAD HORIZONTAL ZONAS COMUNES 1;Frt47727;FRONTERA;NO APLICA; CR 14     09     48   ;; CR 14     09     48   ;BOGOTA;CUNDINAMARCA;ENEL COLOMBIA;0;N;S;;N/A;REGULADO;CLIENTE;17/11/2022;;16/09/2022;ANDREA SAENZ;1;CODENSA-EEC;18;4;SUBTERRANEA;NIVEL 1-3;100% OPERADOR;6820;ACTIVIDADES INMOBILIARIAS REALIZADAS A CAMBIO DE UNA RETRIBUCIÓN O POR CONTRATA;6516465;0;;COMERCIAL;NO;;59046102;;LANDYS;0;;;;;;80;S;6;2;31792.74;35953.416;24040840;24;29920;;;
EXEC;1084;1084;901125888;PARQUE COMERCIAL Y RESIDENCIAL VICTORIA - PROPIEDAD HORIZONTAL ZONAS COMUNES 2;Frt47729;FRONTERA;NO APLICA; CR 14     09     48   ;; CR 14     09     48   ;BOGOTA;CUNDINAMARCA;ENEL COLOMBIA;0;N;S;;N/A;REGULADO;CLIENTE;17/11/2022;;16/09/2022;ANDREA SAENZ;1;CODENSA-EEC;18;4;SUBTERRANEA;NIVEL 1-3;100% OPERADOR;6820;ACTIVIDADES INMOBILIARIAS REALIZADAS A CAMBIO DE UNA RETRIBUCIÓN O POR CONTRATA;6516466;0;;COMERCIAL;NO;;2924103;;ELSTER;0;;;;;;60;S;5;3;8849.365;9524.151;6888190;25;10260;;;
EXEC;1091;1091;830506392;MORANGO SAS;Frt49066;FRONTERA;NO APLICA; CR 69 B    17 A    75   ;; CR 69 B    17 A    75   ;BOGOTA;CUNDINAMARCA;ENEL COLOMBIA;0;N;S;;N/A;REGULADO;CLIENTE;24/11/2022;;16/09/2022;GISELL ORIANA PINTO MORENO;2;CODENSA-EEC;21;4;SUBTERRANEA;NIVEL 1-2;100% USUARIO;1081;ELABORACIÓN DE PRODUCTOS DE PANADERÍA;7570517;0;;INDUSTRIAL;NO;;2918740;;ELSTER;0;;;;;;600;S;5;3;37503.053;51800.52;27129720;26;62000;;;
EXEC;1101;1101;901249695;PLAZA LA SERREZUELA SAS;Frt49114;FRONTERA;NO APLICA; CR 10     39     120   ;; CR 10     39     120   ;CARTAGENA;BOLIVAR;ENEL COLOMBIA;0;N;S;;N/A;REGULADO;CLIENTE;01/12/2022;;16/09/2022;GISELL ORIANA PINTO MORENO;2;CARIBEMAR;0;0;SUBTERRANEA;NIVEL 1-2;100% USUARIO;6820;ACTIVIDADES INMOBILIARIAS REALIZADAS A CAMBIO DE UNA RETRIBUCIÓN O POR CONTRATA;1169569;0;;COMERCIAL;SI;;84350825;;ITRON;0;;;;;;330;S;5;3;67041.117;66982.344;42840080;27;62000;;;
EXEC;1132;1132;811017548;ESTAMPADOS ESPECIALES  SAS SEDE 2;Frt43950;FRONTERA;NO APLICA; CR 52 D    72 A    7   ;; CR 52 D    72 A    7   ;ITAGUÍ;ANTIOQUIA;ENEL COLOMBIA;0;N;S;;N/A;REGULADO;CLIENTE;01/12/2022;;16/09/2022;GISELL ORIANA PINTO MORENO;1;EPM-EADE;0;0;SUBTERRANEA;NIVEL 1-3;100% OPERADOR;1313;ACABADO DE PRODUCTOS TEXTILES ;775224217;0;;INDUSTRIAL;NO;;84440237;;ITRON;0;;;;;;60;S;5;3;16639.218;23423.88;16549640;28;19000;;;
EXEC;1135;1135;900687556;CAUCHOS LOS COMUNEROS SAS;Frt49115;FRONTERA;NO APLICA; AC 6     34     32   ;; AC 6     34     32   ;BOGOTA;CUNDINAMARCA;ENEL COLOMBIA;0;N;S;;N/A;REGULADO;CLIENTE;08/12/2022;;16/09/2022;ANDREA SAENZ;1;CODENSA-EEC;22;4;SUBTERRANEA;NIVEL 1-3;100% USUARIO;2219;FABRICACIÓN DE FORMAS BÁSICAS DE CAUCHO Y OTROS PRODUCTOS DE CAUCHO NCP;357217;0;;INDUSTRIAL;NO;;2924119;;ELSTER;0;;;;;;120;S;5;3;6438.855;13505.727;9247210;29;15960;;;
EXEC;1136;1136;800225290;PLASTICOS CALIDAD Y COMPAÑIA LIMITADA;Frt49440;FRONTERA;NO APLICA; CR 65     14     61   ;; CR 65     14     61   ;BOGOTA;CUNDINAMARCA;ENEL COLOMBIA;0;N;S;;N/A;REGULADO;CLIENTE;22/12/2022;;16/09/2022;GISELL ORIANA PINTO MORENO;2;CODENSA-EEC;23;4;SUBTERRANEA;NIVEL 1-3;100% USUARIO;2229;FABRICACIÓN DE ARTÍCULOS DE PLÁSTICO NCP;0405015-4;0;;INDUSTRIAL;NO;;84383410;;ITRON;0;;;;;;1140;S;5;3;29085.846;76171.266;51580030;30;93000;;;
EXEC;1139;1139;830037946;PANAMERICANA LIBRERIA Y PAPELERIA SA -SEDE MANIZALEZ;Frt49573;FRONTERA;NO APLICA; SEC    ;; SEC     CENTRO COMERCIAL FUNDADORES;MANIZALES;CALDAS;ENEL COLOMBIA;0;N;S;;N/A;REGULADO;CLIENTE;29/12/2022;;16/09/2022;ANDREA SAENZ;2;CHEC;0;0;SUBTERRANEA;NIVEL 1-2;100% USUARIO;4761;COMERCIO AL POR MENOR DE LIBROS PERIÓDICOS MATERIALES Y ARTÍCULOS DE PAPELERÍA Y ESCRITORIO EN ESTABLECIMIENTOS ESPECIALIZADOS;588750007;0;;COMERCIAL;SI;;84339874;;ITRON;0;;;;;;440;S;5;3;2358.18;25659.876;18695890;32;18841;;;
EXEC;1143;1143;900341322;HOTEL HAMPTON BY HILTON USAQUEN;Frt28880;FRONTERA;NO APLICA; AK 7     118     50   ;; AK 7     118     50   ;BOGOTA;CUNDINAMARCA;ENEL COLOMBIA;0;N;S;;N/A;REGULADO;CLIENTE;29/12/2022;;16/09/2022;GISELL ORIANA PINTO MORENO;2;CODENSA-EEC;10;4;SUBTERRANEA;NIVEL 1-2;100% USUARIO;5511;ALOJAMIENTO EN HOTELES ;4571969;0;;ESPECIAL;NO;;83692681;;ITRON;0;;;;;;600;S;5;3;2406.72;27280.14;14210960;33;29800;;;
EXEC;1146;1146;900341322;HOTEL HAMPTON BY HILTON BUCARAMANGA;Frt29140;FRONTERA;NO APLICA; CR 33     46     7   ;; CR 33     46     7   ;BUCARAMANGA;SANTANDER;ENEL COLOMBIA;0;N;S;;N/A;REGULADO;CLIENTE;29/12/2022;;16/09/2022;GISELL ORIANA PINTO MORENO;2;ESSA;26;4;SUBTERRANEA;NIVEL 1-2;100% USUARIO;5511;ALOJAMIENTO EN HOTELES ;153178;0;;COMERCIAL;NO;;83692653;;ITRON;0;;;;;;440;S;5;3;4636.896;41664.304;23653140;34;43000;;;
EXEC;1147;1147;900341322;HOTEL HAMPTON BY HILTON CALI;Frt29124;FRONTERA;NO APLICA; CR   OESTE   1 A    20   ;; CR 1  OESTE    A    20   ;CALI;VALLE;ENEL COLOMBIA;0;N;S;;N/A;REGULADO;CLIENTE;29/12/2022;;16/09/2022;GISELL ORIANA PINTO MORENO;2;EMCALI;0;0;SUBTERRANEA;NIVEL 1-2;100% USUARIO;5511;ALOJAMIENTO EN HOTELES ;13452699;0;;COMERCIAL;NO;;83692745;;ITRON;0;;;;;;440;S;5;3;4671.304;42019.824;22816450;35;45000;;;
EXEC;1148;1148;900341322;HOTEL HAMPTON BY HILTON YOPAL;Frt28162;FRONTERA;NO APLICA; CL 30     28     64   ;; CL 30     28     64   ;YOPAL;CASANARE;ENEL COLOMBIA;0;N;S;;N/A;REGULADO;CLIENTE;29/12/2022;;16/09/2022;GISELL ORIANA PINTO MORENO;2;ENERCA;25;4;SUBTERRANEA;NIVEL 1-2;100% USUARIO;5511;ALOJAMIENTO EN HOTELES ;12526;0;;COMERCIAL;NO;;83910985;;ITRON;0;;;;;;440;S;5;3;4722.74;47843.84;30525380;36;43800;;;
EXEC;1156;1156;900351360;MAXTECH S.A.S.;Frt11775;FRONTERA;NO APLICA; CR 77 J    65     23 SUR  ;; CR 77 J    65 A    23 SUR  ;BOGOTA;CUNDINAMARCA;ENEL COLOMBIA;0;N;S;;N/A;REGULADO;CLIENTE;01/01/2023;;16/09/2022;GISELL ORIANA PINTO MORENO;2;CODENSA-EEC;0;0;SUBTERRANEA;NIVEL 1-2;100% USUARIO;2229;FABRICACIÓN DE ARTÍCULOS DE PLÁSTICO NCP;2775431;0;;INDUSTRIAL;NO;;84170479;;ITRON;0;;;;;;684;S;6;2;0;23915.682;14033210;37;64000;;;
EXEC;1158;1158;900170958;PCC PROCESADORA COLOMBIANA DE CARNES S.A.S.;Frt43695;FRONTERA;NO APLICA; KM 2     5    BG 8     9;; KM 2     5    BG 8     9   ;COTA;CUNDINAMARCA;ENEL COLOMBIA;0;N;S;;N/A;REGULADO;CLIENTE;05/01/2023;;16/09/2022;GISELL ORIANA PINTO MORENO;2;CODENSA-EEC;0;0;SUBTERRANEA;NIVEL 1-2;100% USUARIO;1011;PROCESAMIENTO Y CONSERVACIÓN DE CARNE Y PRODUCTOS CÁRNICOS;4167616;0;;INDUSTRIAL;NO;;21063102;;MICROSTAR;0;;;;;;570;S;6;2;0;91143.998;52304990;39;131000;;;
EXEC;1159;1159;900989399;WEWORK COLOMBIA S.A.S. ALTOS DEL PRADO PISO 15;Frt49750;FRONTERA;NO APLICA; CR 53    CL 80     198    P 15   ;; CR 53    CL 80     198    P 15   ;BARRANQUILLA;ATLANTICO;ENEL COLOMBIA;0;N;S;;N/A;REGULADO;CLIENTE;26/01/2023;;16/09/2022;GISELL ORIANA PINTO MORENO;1;CARIBESOL;41;4;SUBTERRANEA;NIVEL 1-3;100% USUARIO;6810;ACTIVIDADES INMOBILIARIAS REALIZADAS CON BIENES PROPIOS O ARRENDADOS ;12940753;0;0;COMERCIAL;SI;;2924187;;ELSTER;0;;;;;;80;S;5;3;0;992.11;1242730;40;5400;;;
EXEC;1160;1160;900989399;WEWORK COLOMBIA S.A.S. ALTOS DEL PRADO PISO 16;Frt49762;FRONTERA;NO APLICA; CR 53    CL 80     198    P 16   ;; CR 53    CL 80     198    P 16   ;BARRANQUILLA;ATLANTICO;ENEL COLOMBIA;0;N;S;;N/A;REGULADO;CLIENTE;26/01/2023;;16/09/2022;GISELL ORIANA PINTO MORENO;1;CARIBESOL;41;4;SUBTERRANEA;NIVEL 1-3;100% USUARIO;6810;ACTIVIDADES INMOBILIARIAS REALIZADAS CON BIENES PROPIOS O ARRENDADOS ;12940683;0;0;COMERCIAL;SI;;2924201;;ELSTER;0;;;;;;80;S;5;3;0;1028.264;1279130;41;3423;;;
EXEC;1163;1163;900989399;WEWORK COLOMBIA S.A.S. ALTOS DEL PRADO PISO 17;Frt49793;FRONTERA;NO APLICA; CR 53    CL 80     198    P 17   ;; CR 53    CL 80     198    P 17   ;BARRANQUILLA;ATLANTICO;ENEL COLOMBIA;0;N;S;;N/A;REGULADO;CLIENTE;26/01/2023;;16/09/2022;GISELL ORIANA PINTO MORENO;1;CARIBESOL;41;4;SUBTERRANEA;NIVEL 1-3;100% USUARIO;6810;ACTIVIDADES INMOBILIARIAS REALIZADAS CON BIENES PROPIOS O ARRENDADOS ;12940692;0;0;COMERCIAL;SI;;2924216;;ELSTER;0;;;;;;80;S;5;3;0;785.288;1034510;42;4721;;;
EXEC;1164;1164;900989399;WEWORK COLOMBIA S.A.S. ALTOS DEL PRADO PISO 18;Frt49763;FRONTERA;NO APLICA; CR 53    CL 80     198    P 18   ;; CR 53    CL 80     198    P    ;BARRANQUILLA;ATLANTICO;ENEL COLOMBIA;0;N;S;;N/A;REGULADO;CLIENTE;26/01/2023;;16/09/2022;GISELL ORIANA PINTO MORENO;1;CARIBESOL;41;4;SUBTERRANEA;NIVEL 1-3;100% USUARIO;6810;ACTIVIDADES INMOBILIARIAS REALIZADAS CON BIENES PROPIOS O ARRENDADOS ;12940754;0;0;COMERCIAL;SI;;2924241;;ELSTER;0;;;;;;80;S;5;3;0;1525.584;1779810;43;7200;;;
EXEC;1177;1177;900989399;WEWORK COLOMBIA S.A.S. ALTOS DEL PRADO PISO 20;Frt49764;FRONTERA;NO APLICA; CR 53    CL 80     198    P 20   ;; CR     CL 80     198    P 20   ;BARRANQUILLA;ATLANTICO;ENEL COLOMBIA;0;N;S;;N/A;REGULADO;CLIENTE;26/01/2023;;16/09/2022;GISELL ORIANA PINTO MORENO;1;CARIBESOL;41;4;SUBTERRANEA;NIVEL 1-3;100% USUARIO;6810;ACTIVIDADES INMOBILIARIAS REALIZADAS CON BIENES PROPIOS O ARRENDADOS ;12940703;0;0;COMERCIAL;SI;;2924221;;ELSTER;0;;;;;;80;S;5;3;0;774.838;1030490;44;3600;;;
EXEC;1179;1179;900989399;WEWORK COLOMBIA S.A.S. ALTOS DEL PRADO PISO 21;Frt49782;FRONTERA;NO APLICA; CR 53    CL 80     198    P 21   ;; CR 53    CL 80     198    P 21   ;BARRANQUILLA;ATLANTICO;ENEL COLOMBIA;0;N;S;;N/A;REGULADO;CLIENTE;26/01/2023;;16/09/2022;GISELL ORIANA PINTO MORENO;1;CARIBESOL;41;4;SUBTERRANEA;NIVEL 1-3;100% USUARIO;6810;ACTIVIDADES INMOBILIARIAS REALIZADAS CON BIENES PROPIOS O ARRENDADOS ;12940674;0;0;COMERCIAL;SI;;2924226;;ELSTER;0;;;;;;200;S;5;3;0;12242.485;12597520;45;68200;;;
EXEC;1180;1180;830033206;BODYTECH AMERICAS;Frt28343;FRONTERA;NO APLICA;Diagonal 75b Nº 2a-120 l.227 Plazoleta Las Américas;;Diagonal 75b Nº 2a-120 l.227 Plazoleta Las Américas;MEDELLIN;ANTIOQUIA;ENEL COLOMBIA;;;S;;N/A;REGULADO;CLIENTE;26/01/2023;ACTIVO;16/09/2022;GISELL ORIANA PINTO MORENO;1;EPM-EADE;27;4;SUBTERRANEA;NIVEL 1-3;100% USUARIO;8621;ACTIVIDADES DE LA PRÁCTICA MÉDICA SIN INTERNACIÓN;5,07E+16;0;0;COMERCIAL;SI;;84070724;;ITRON;0;;;;;;1;S;5;3;0;641.96;492580;63;;;;
EXEC;1181;1181;830033206;BODYTECH ARMENIA;Frt24712;FRONTERA;NO APLICA;Carrera 6 Nº 3-180 L. 244 | C.C. Calima;;Carrera 6 Nº 3-180 L. 244 | C.C. Calima;ARMENIA;QUINDIO;ENEL COLOMBIA;;;S;;N/A;REGULADO;EN OFERTA;26/01/2023;ACTIVO;16/09/2022;GISELL ORIANA PINTO MORENO;1;EDEQ;37;0;SUBTERRANEA;NIVEL 1-3;100% USUARIO;8621;ACTIVIDADES DE LA PRÁCTICA MÉDICA SIN INTERNACIÓN;258192;0;0;COMERCIAL;SI;;84330678;;ITRON;0;;;;;;80;S;5;3;;;;101;;;;
EXEC;1182;1182;830033206;BODYTECH AUTOPISTA 135;Frt23701;FRONTERA;NO APLICA;Calle 134A Nº 23 - 72;;Calle 134A Nº 23 - 72;BOGOTA;CUNDINAMARCA;ENEL COLOMBIA;;;S;;N/A;REGULADO;CLIENTE;26/01/2023;ACTIVO;16/09/2022;GISELL ORIANA PINTO MORENO;1;CODENSA-EEC;12;4;SUBTERRANEA;NIVEL 1-3;100% OPERADOR;8621;ACTIVIDADES DE LA PRÁCTICA MÉDICA SIN INTERNACIÓN;2075011;0;0;COMERCIAL;SI;;83780721;;ITRON;0;;;;;;1;S;5;3;0;1007.85;787350;73;4496;;;
EXEC;1183;1183;830033206;BODYTECH AUTOPISTA 170;Frt23705;FRONTERA;NO APLICA;Autopista Norte # 167 - 10;;Autopista Norte # 167 - 10;BOGOTA;CUNDINAMARCA;ENEL COLOMBIA;;;S;;N/A;REGULADO;CLIENTE;26/01/2023;ACTIVO;16/09/2022;GISELL ORIANA PINTO MORENO;1;CODENSA-EEC;12;4;SUBTERRANEA;NIVEL 1-3;100% OPERADOR;8621;ACTIVIDADES DE LA PRÁCTICA MÉDICA SIN INTERNACIÓN;0886017-7;0;0;COMERCIAL;SI;;84080688;;ITRON;0;;;;;;40;S;5;3;0;961.524;751160;48;4438;;;
EXEC;1184;1184;830033206;BODYTECH AVENIDA COLOMBIA;Frt24725;FRONTERA;NO APLICA;Cll 50 Nº 66 - 50;;Cll 50 Nº 66 - 50;MEDELLIN;ANTIOQUIA;ENEL COLOMBIA;;;S;;N/A;REGULADO;EN OFERTA;26/01/2023;ACTIVO;16/09/2022;GISELL ORIANA PINTO MORENO;1;EPM-EADE;27;4;SUBTERRANEA;NIVEL 1-3;100% USUARIO;8621;ACTIVIDADES DE LA PRÁCTICA MÉDICA SIN INTERNACIÓN;5,56E+16;0;0;COMERCIAL;SI;;84080675;;ITRON;0;;;;;;80;S;5;3;;;;111;;;;
EXEC;1185;1185;830033206;BODYTECH TORRE CENTRAL;Frt23862;FRONTERA;NO APLICA;Calle 26 Nº 68c-61 L. 116;;Calle 26 Nº 68c-61 L. 116;BOGOTA;CUNDINAMARCA;ENEL COLOMBIA;;;S;;N/A;REGULADO;EN OFERTA;26/01/2023;ACTIVO;16/09/2022;GISELL ORIANA PINTO MORENO;1;CODENSA-EEC;12;4;SUBTERRANEA;NIVEL 1-3;100% USUARIO;8621;ACTIVIDADES DE LA PRÁCTICA MÉDICA SIN INTERNACIÓN;2584518-4;0;0;COMERCIAL;SI;;83910968;;ITRON;0;;;;;;80;S;5;3;;;;97;;;;
EXEC;1186;1186;830033206;BODYTECH TULUÁ;Frt28191;FRONTERA;NO APLICA;CL 75 22 10;;CL 75 22 10;CALI;VALLE;ENEL COLOMBIA;;;S;;N/A;REGULADO;CLIENTE;26/01/2023;ACTIVO;16/09/2022;GISELL ORIANA PINTO MORENO;1;CETSA;38;0;SUBTERRANEA;NIVEL 1-3;100% USUARIO;8621;ACTIVIDADES DE LA PRÁCTICA MÉDICA SIN INTERNACIÓN;3486137;0;0;COMERCIAL;SI;;83779993;;ITRON;0;;;;;;60;S;5;3;;;;83;16566;;;
EXEC;1187;1187;830033206;BODYTECH VEGAS;Frt24053;FRONTERA;NO APLICA;Calle 10 # 32 – 115. Sótano 3 | CC Vizcaya;;Calle 10 # 32 – 115. Sótano 3 | CC Vizcaya;MEDELLIN;ANTIOQUIA;ENEL COLOMBIA;;;S;;N/A;REGULADO;CLIENTE;26/01/2023;ACTIVO;16/09/2022;GISELL ORIANA PINTO MORENO;1;EPM-EADE;27;4;SUBTERRANEA;NIVEL 1-3;100% USUARIO;8621;ACTIVIDADES DE LA PRÁCTICA MÉDICA SIN INTERNACIÓN;4,14E+16;0;0;COMERCIAL;SI;;63139621;;ITRON;0;;;;;;30;S;5;3;0;1562.442;1198870;58;4242;;;
EXEC;1188;1188;830033206;BODYTECH VILLAGRANDE;Frt28353;FRONTERA;NO APLICA;Transversal 27 a sur #42b - 60;;Transversal 27 a sur #42b - 60;MEDELLIN;ANTIOQUIA;ENEL COLOMBIA;;;S;;N/A;REGULADO;CLIENTE;26/01/2023;ACTIVO;16/09/2022;GISELL ORIANA PINTO MORENO;1;EPM-EADE;27;4;SUBTERRANEA;NIVEL 1-3;100% USUARIO;8621;ACTIVIDADES DE LA PRÁCTICA MÉDICA SIN INTERNACIÓN;2,25E+16;0;0;COMERCIAL;SI;;84081250;;ITRON;0;;;;;;160;S;5;3;0;6797.52;5215780;65;;;;
EXEC;1189;1189;830033206;BODYTECH VIZCAYA;Frt28336;FRONTERA;NO APLICA;Calle 10 Nº 32-115 L. 9606 sotano 3 ;;Calle 10 Nº 32-115 L. 9606 sotano 3 ;MEDELLIN;ANTIOQUIA;ENEL COLOMBIA;;;S;;N/A;REGULADO;EN OFERTA;26/01/2023;ACTIVO;16/09/2022;GISELL ORIANA PINTO MORENO;1;EPM-EADE;27;4;SUBTERRANEA;NIVEL 1-3;100% USUARIO;8621;ACTIVIDADES DE LA PRÁCTICA MÉDICA SIN INTERNACIÓN;5,13E+16;0;0;COMERCIAL;SI;;84170841;;ITRON;0;;;;;;80;S;5;3;;;;66;;;;
EXEC;1190;1190;830033206;BODYTECH BELEN;Frt28425;FRONTERA;NO APLICA;Calle 32 # 75-50 ;;Calle 32 # 75-50 ;MEDELLIN;ANTIOQUIA;ENEL COLOMBIA;;;S;;N/A;REGULADO;CLIENTE;26/01/2023;ACTIVO;16/09/2022;GISELL ORIANA PINTO MORENO;1;EPM-EADE;27;4;SUBTERRANEA;NIVEL 1-3;100% OPERADOR;8621;ACTIVIDADES DE LA PRÁCTICA MÉDICA SIN INTERNACIÓN;5,37E+16;0;0;COMERCIAL;SI;;84070725;;ITRON;0;;;;;;1;S;5;3;0;568.56;478210;70;;;;
EXEC;1191;1191;830033206;BODYTECH BOCAGRANDE;Frt29456;FRONTERA;NO APLICA;Avenida El Malecon CC. Plaza Bocagrande piso ;;Avenida El Malecon CC. Plaza Bocagrande piso ;CARTAGENA;BOLIVAR;ENEL COLOMBIA;;;S;;N/A;REGULADO;EN OFERTA;26/01/2023;ACTIVO;16/09/2022;GISELL ORIANA PINTO MORENO;2;CARIBEMAR;34;4;SUBTERRANEA;NIVEL 1-3;100% USUARIO;8621;ACTIVIDADES DE LA PRÁCTICA MÉDICA SIN INTERNACIÓN;20035766;0;0;COMERCIAL;SI;;84016811;;ITRON;0;;;;;;440;S;5;3;;;;78;32909;;;
EXEC;1192;1192;830033206;BODYTECH BULEVAR ;Frt30036;FRONTERA;NO APLICA;Avenida Carrera 58 #127-59 Local 181 B CC Bulevar;;Avenida Carrera 58 #127-59 Local 181 B CC Bulevar;BOGOTA;CUNDINAMARCA;ENEL COLOMBIA;;;S;;N/A;REGULADO;CLIENTE;26/01/2023;ACTIVO;16/09/2022;GISELL ORIANA PINTO MORENO;1;CODENSA-EEC;12;4;SUBTERRANEA;NIVEL 1-3;100% USUARIO;8621;ACTIVIDADES DE LA PRÁCTICA MÉDICA SIN INTERNACIÓN;1047597-0;0;0;COMERCIAL;SI;;84081271;;ITRON;0;;;;;;60;S;5;3;0;1744.422;1265600;81;5742;;;
EXEC;1193;1193;830033206;BODYTECH CABRERA;Frt23828;FRONTERA;NO APLICA;Calle 85 Nº 7-13;;Calle 85 Nº 7-13;BOGOTA;CUNDINAMARCA;ENEL COLOMBIA;;;S;;N/A;REGULADO;CLIENTE;26/01/2023;ACTIVO;16/09/2022;GISELL ORIANA PINTO MORENO;1;CODENSA-EEC;12;4;SUBTERRANEA;NIVEL 1-3;100% OPERADOR;8621;ACTIVIDADES DE LA PRÁCTICA MÉDICA SIN INTERNACIÓN;515316;0;0;COMERCIAL;SI;;84080691;;ITRON;0;;;;;;60;S;5;3;0;2662.274;2079810;102;;;;
EXEC;1194;1194;830033206;BODYTECH CACIQUE;Frt33355;FRONTERA;NO APLICA;Transversal 93 Nº 34 99 C.C. Cacique L. 420;;Transversal 93 Nº 34 99 C.C. Cacique L. 420;BUCARAMANGA;SANTANDER;ENEL COLOMBIA;;;S;;N/A;REGULADO;CLIENTE;26/01/2023;ACTIVO;16/09/2022;GISELL ORIANA PINTO MORENO;1;ESSA;26;4;SUBTERRANEA;NIVEL 1-3;100% USUARIO;8621;ACTIVIDADES DE LA PRÁCTICA MÉDICA SIN INTERNACIÓN;1585073;0;0;COMERCIAL;SI;;84016494;;ITRON;0;;;;;;100;S;5;3;0;4913.22;3646450;91;;;;
EXEC;1195;1195;830033206;BODYTECH CAMINO REAL;Frt28436;FRONTERA;NO APLICA;Avenida oriental Carrera. 46 # 52 - 83 L. 401;;Avenida oriental Carrera. 46 # 52 - 83 L. 401;MEDELLIN;ANTIOQUIA;ENEL COLOMBIA;;;S;;N/A;REGULADO;EN OFERTA;26/01/2023;ACTIVO;16/09/2022;GISELL ORIANA PINTO MORENO;1;EPM-EADE;27;4;SUBTERRANEA;NIVEL 1-3;100% USUARIO;8621;ACTIVIDADES DE LA PRÁCTICA MÉDICA SIN INTERNACIÓN;5,54E+16;0;0;COMERCIAL;SI;;84068742;;ITRON;0;;;;;;30;S;5;3;;;;69;;;;
EXEC;1196;1196;830033206;BODYTECH CANEY;Frt46714;FRONTERA;NO APLICA;Calle 48 Nº 85 54 2do piso;;Calle 48 Nº 85 54 2do piso;CALI;VALLE;ENEL COLOMBIA;;;S;;N/A;REGULADO;CLIENTE;26/01/2023;ACTIVO;16/09/2022;GISELL ORIANA PINTO MORENO;1;EMCALI;33;4;SUBTERRANEA;NIVEL 1-3;100% USUARIO;8621;ACTIVIDADES DE LA PRÁCTICA MÉDICA SIN INTERNACIÓN;13613155;0;0;COMERCIAL;SI;;84170848;;ITRON;0;;;;;;100;S;5;3;0;4838.3;3704680;57;;;;
EXEC;1197;1197;830033206;BODYTECH CARIBE PLAZA;Frt26688;FRONTERA;NO APLICA;Calle. 29d # 22-62 L. 225 ;;Calle. 29d # 22-62 L. 225 ;CARTAGENA;BOLIVAR;ENEL COLOMBIA;;;S;;N/A;REGULADO;CLIENTE;26/01/2023;ACTIVO;16/09/2022;GISELL ORIANA PINTO MORENO;1;CARIBEMAR;34;4;SUBTERRANEA;NIVEL 1-3;100% OPERADOR;8621;ACTIVIDADES DE LA PRÁCTICA MÉDICA SIN INTERNACIÓN;18664152;0;0;COMERCIAL;SI;;83779922;;ITRON;0;;;;;;160;S;5;3;0;7458.144;6552120;106;;;;
EXEC;1198;1198;830033206;BODYTECH CARRERA 11;Frt33556;FRONTERA;NO APLICA;Calle 96 # 10 - 38;;Calle 96 # 10 - 38;BOGOTA;CUNDINAMARCA;ENEL COLOMBIA;;;S;;N/A;REGULADO;CLIENTE;26/01/2023;ACTIVO;16/09/2022;GISELL ORIANA PINTO MORENO;1;CODENSA-EEC;12;4;SUBTERRANEA;NIVEL 1-3;100% USUARIO;8621;ACTIVIDADES DE LA PRÁCTICA MÉDICA SIN INTERNACIÓN;6802094;0;0;COMERCIAL;SI;;84330687;;ITRON;0;;;;;;60;S;5;3;0;1877.748;1362370;92;;;;
EXEC;1199;1199;830033206;BODYTECH CEDRITOS;Frt04893;FRONTERA;NO APLICA;Calle 147 # 7 - 52;;Calle 147 # 7 - 52;BOGOTA;CUNDINAMARCA;ENEL COLOMBIA;;;S;;N/A;REGULADO;CLIENTE;26/01/2023;ACTIVO;16/09/2022;GISELL ORIANA PINTO MORENO;1;CODENSA-EEC;12;4;SUBTERRANEA;NIVEL 1-3;100% OPERADOR;8621;ACTIVIDADES DE LA PRÁCTICA MÉDICA SIN INTERNACIÓN;1637853;0;0;COMERCIAL;SI;;84016729;;ITRON;0;;;;;;120;S;5;3;0;1508.304;1178310;53;;;;
EXEC;1200;1200;830033206;BODYTECH CHAPINERO;Frt23717;FRONTERA;NO APLICA;Carrera 7 # 63-25;;Carrera 7 # 63-25;BOGOTA;CUNDINAMARCA;ENEL COLOMBIA;;;S;;N/A;REGULADO;CLIENTE;26/01/2023;ACTIVO;16/09/2022;GISELL ORIANA PINTO MORENO;1;CODENSA-EEC;12;4;SUBTERRANEA;NIVEL 1-3;100% OPERADOR;8621;ACTIVIDADES DE LA PRÁCTICA MÉDICA SIN INTERNACIÓN;440691;0;0;COMERCIAL;SI;;84070777;;ITRON;0;;;;;;1;S;5;3;0;1050.91;820990;50;8761;;;
EXEC;1201;1201;830033206;BODYTECH CHAPINERO;Frt23718;FRONTERA;NO APLICA;Carrera 7 # 63-25;;Carrera 7 # 63-25;BOGOTA;CUNDINAMARCA;ENEL COLOMBIA;;;S;;N/A;REGULADO;CLIENTE;26/01/2023;ACTIVO;16/09/2022;GISELL ORIANA PINTO MORENO;1;CODENSA-EEC;12;4;SUBTERRANEA;NIVEL 1-3;100% OPERADOR;8621;ACTIVIDADES DE LA PRÁCTICA MÉDICA SIN INTERNACIÓN;440690;0;0;COMERCIAL;SI;;84070745;;ITRON;0;;;;;;1;S;5;3;0;951.87;747740;84;;;;
EXEC;1202;1202;830033206;BODYTECH CHAPINERO;Frt23719;FRONTERA;NO APLICA;Carrera 7 # 63-25;;Carrera 7 # 63-25;BOGOTA;CUNDINAMARCA;ENEL COLOMBIA;;;S;;N/A;REGULADO;CLIENTE;26/01/2023;ACTIVO;16/09/2022;GISELL ORIANA PINTO MORENO;1;CODENSA-EEC;12;4;SUBTERRANEA;NIVEL 1-3;100% OPERADOR;8621;ACTIVIDADES DE LA PRÁCTICA MÉDICA SIN INTERNACIÓN;440689;0;0;COMERCIAL;SI;;84070746;;ITRON;0;;;;;;1;S;5;3;0;402.39;320170;87;;;;
EXEC;1203;1203;830033206;BODYTECH CHIA;Frt23829;FRONTERA;NO APLICA;CC. Plaza mayor Avenida pradilla # 5-31 e L. 121;;CC. Plaza mayor Avenida pradilla # 5-31 e L. 121;CHIA;CUNDINAMARCA;ENEL COLOMBIA;;;S;;N/A;REGULADO;EN OFERTA;26/01/2023;ACTIVO;16/09/2022;GISELL ORIANA PINTO MORENO;1;CODENSA-EEC;12;4;SUBTERRANEA;NIVEL 1-3;100% OPERADOR;8621;ACTIVIDADES DE LA PRÁCTICA MÉDICA SIN INTERNACIÓN;2548994-0;0;0;COMERCIAL;SI;;84170810;;ITRON;0;;;;;;60;S;5;3;;;;76;3667;;;
EXEC;1204;1204;830033206;BODYTECH CHICO;Frt23855;FRONTERA;NO APLICA;Avenida 19 # 102 - 31 piso 3;;Avenida 19 # 102 - 31 piso 3;BOGOTA;CUNDINAMARCA;ENEL COLOMBIA;;;S;;N/A;REGULADO;CLIENTE;26/01/2023;ACTIVO;16/09/2022;GISELL ORIANA PINTO MORENO;1;CODENSA-EEC;12;4;SUBTERRANEA;NIVEL 1-3;100% USUARIO;8621;ACTIVIDADES DE LA PRÁCTICA MÉDICA SIN INTERNACIÓN;2316836-8;0;0;COMERCIAL;SI;;84081254;;ITRON;0;;;;;;120;S;5;3;0;3333.132;2418220;103;;;;
EXEC;1205;1205;830033206;BODYTECH CITY PLAZA;Frt24052;FRONTERA;NO APLICA;CL 36D SUR Nº 27A 105 INT 340 / CL 36 D SUR 24 A 105 INT 340;;CL 36D SUR Nº 27A 105 INT 340 / CL 36 D SUR 24 A 105 INT 340;MEDELLIN;ANTIOQUIA;ENEL COLOMBIA;;;S;;N/A;REGULADO;CLIENTE;26/01/2023;ACTIVO;16/09/2022;GISELL ORIANA PINTO MORENO;1;EPM-EADE;27;4;SUBTERRANEA;NIVEL 1-3;100% OPERADOR;8621;ACTIVIDADES DE LA PRÁCTICA MÉDICA SIN INTERNACIÓN;2,32E+16;0;0;COMERCIAL;SI;;83910984;;ITRON;0;;;;;;80;S;5;3;0;3747.256;3151520;96;;;;
EXEC;1206;1206;830033206;BODYTECH COLINA;Frt28255;FRONTERA;NO APLICA;Calle 138 # 58 - 74;;Calle 138 # 58 - 74;BOGOTA;CUNDINAMARCA;ENEL COLOMBIA;;;S;;N/A;REGULADO;CLIENTE;26/01/2023;ACTIVO;16/09/2022;GISELL ORIANA PINTO MORENO;1;CODENSA-EEC;12;4;SUBTERRANEA;NIVEL 1-3;100% OPERADOR;8621;ACTIVIDADES DE LA PRÁCTICA MÉDICA SIN INTERNACIÓN;3293052;0;0;COMERCIAL;SI;;84070769;;ITRON;0;;;;;;1;S;5;3;0;525.84;410870;60;;;;
EXEC;1207;1207;830033206;BODYTECH COLINA;Frt28260;FRONTERA;NO APLICA;Calle 138 # 58 - 74;;Calle 138 # 58 - 74;BOGOTA;CUNDINAMARCA;ENEL COLOMBIA;;;S;;N/A;REGULADO;CLIENTE;26/01/2023;ACTIVO;16/09/2022;GISELL ORIANA PINTO MORENO;1;CODENSA-EEC;12;4;SUBTERRANEA;NIVEL 1-3;100% OPERADOR;8621;ACTIVIDADES DE LA PRÁCTICA MÉDICA SIN INTERNACIÓN;3293051;0;0;COMERCIAL;SI;;84070770;;ITRON;0;;;;;;1;S;5;3;0;329.34;257290;71;;;;
EXEC;1208;1208;830033206;BODYTECH COLINA;Frt28262;FRONTERA;NO APLICA;Calle 138 # 58 - 74;;Calle 138 # 58 - 74;BOGOTA;CUNDINAMARCA;ENEL COLOMBIA;;;S;;N/A;REGULADO;CLIENTE;26/01/2023;ACTIVO;16/09/2022;GISELL ORIANA PINTO MORENO;1;CODENSA-EEC;12;4;SUBTERRANEA;NIVEL 1-3;100% OPERADOR;8621;ACTIVIDADES DE LA PRÁCTICA MÉDICA SIN INTERNACIÓN;3293055;0;0;COMERCIAL;SI;;84070771;;ITRON;0;;;;;;1;S;5;3;0;641.28;503740;72;;;;
EXEC;1209;1209;830033206;BODYTECH COUNTRY  138;Frt30871;FRONTERA;NO APLICA;CL 75 22 10;;CL 75 22 10;BOGOTA;CUNDINAMARCA;ENEL COLOMBIA;;;S;;N/A;REGULADO;CLIENTE;26/01/2023;ACTIVO;16/09/2022;GISELL ORIANA PINTO MORENO;1;CODENSA-EEC;12;4;SUBTERRANEA;NIVEL 1-3;100% OPERADOR;8621;ACTIVIDADES DE LA PRÁCTICA MÉDICA SIN INTERNACIÓN;663369;0;0;COMERCIAL;SI;;83780724;;ITRON;0;;;;;;1;S;5;3;0;539.21;421240;61;;;;
EXEC;1210;1210;830033206;BODYTECH CUCUTA;Frt24040;FRONTERA;NO APLICA;Calle 11 Nº 2E-10 Barrio Caobos C.C. Quinta Velez (3) piso L. 301;;Calle 11 Nº 2E-10 Barrio Caobos C.C. Quinta Velez (3) piso L. 301;CUCUTA;NORTE DE SANTANDER;ENEL COLOMBIA;;;S;;N/A;REGULADO;CLIENTE;26/01/2023;ACTIVO;16/09/2022;GISELL ORIANA PINTO MORENO;1;CENS;36;0;SUBTERRANEA;NIVEL 1-3;100% USUARIO;8621;ACTIVIDADES DE LA PRÁCTICA MÉDICA SIN INTERNACIÓN;462593;0;0;COMERCIAL;SI;;84321864;;ITRON;0;;;;;;120;S;5;3;0;6507.444;5732820;95;;;;
EXEC;1211;1211;830033206;BODYTECH DOS QUEBRADAS;Frt23830;FRONTERA;NO APLICA;Avenida Simon Bolivar Carrera 16 #43- loc 208 CC. El Progreso;;Avenida Simon Bolivar Carrera 16 #43- loc 208 CC. El Progreso;PEREIRA;RISARALDA;ENEL COLOMBIA;;;S;;N/A;REGULADO;EN OFERTA;26/01/2023;ACTIVO;16/09/2022;GISELL ORIANA PINTO MORENO;1;CHEC;35;4;SUBTERRANEA;NIVEL 1-3;100% USUARIO;8621;ACTIVIDADES DE LA PRÁCTICA MÉDICA SIN INTERNACIÓN;641664805;0;0;COMERCIAL;SI;;63096819;;ITRON;0;;;;;;60;S;5;3;;;;52;;;;
EXEC;1212;1212;830033206;BODYTECH DOS QUEBRADAS;Frt23831;FRONTERA;NO APLICA;Avenida Simon Bolivar Carrera 16 #43- loc 208 CC. El Progreso;;Avenida Simon Bolivar Carrera 16 #43- loc 208 CC. El Progreso;PEREIRA;RISARALDA;ENEL COLOMBIA;;;S;;N/A;REGULADO;EN OFERTA;26/01/2023;ACTIVO;16/09/2022;GISELL ORIANA PINTO MORENO;1;CHEC;35;4;SUBTERRANEA;NIVEL 1-3;100% USUARIO;8621;ACTIVIDADES DE LA PRÁCTICA MÉDICA SIN INTERNACIÓN;614814200;0;0;COMERCIAL;SI;;63139607;;ITRON;0;;;;;;40;S;5;3;;;;86;;;;
EXEC;1213;1213;830033206;BODYTECH EJECUTIVOS;Frt26506;FRONTERA;NO APLICA;CL75 22 10;;CL75 22 10;CARTAGENA;BOLIVAR;ENEL COLOMBIA;;;S;;N/A;REGULADO;CLIENTE;26/01/2023;ACTIVO;16/09/2022;GISELL ORIANA PINTO MORENO;1;CARIBEMAR;34;4;SUBTERRANEA;NIVEL 1-3;100% USUARIO;8621;ACTIVIDADES DE LA PRÁCTICA MÉDICA SIN INTERNACIÓN;18412837;0;0;COMERCIAL;SI;;84068786;;ITRON;0;;;;;;160;S;5;3;0;4650.016;3911060;107;;;;
EXEC;1214;1214;830033206;BODYTECH FONTANAR ;Frt33286;FRONTERA;NO APLICA;Kilómetro 2.5 Cía Chia - Cajicá Primer Piso Costado Sur;;Kilómetro 2.5 Cía Chia - Cajicá Primer Piso Costado Sur;CHIA;CUNDINAMARCA;ENEL COLOMBIA;;;S;;N/A;REGULADO;CLIENTE;26/01/2023;ACTIVO;16/09/2022;GISELL ORIANA PINTO MORENO;1;CODENSA-EEC;12;4;SUBTERRANEA;NIVEL 1-3;100% USUARIO;8621;ACTIVIDADES DE LA PRÁCTICA MÉDICA SIN INTERNACIÓN;6639123;0;0;COMERCIAL;SI;;84068788;;ITRON;0;;;;;;120;S;5;3;0;2179.128;1581380;90;;;;
EXEC;1215;1215;830033206;BODYTECH GALERIAS;Frt30692;FRONTERA;NO APLICA;Carrera 24 # 53-73;;Carrera 24 # 53-73;BOGOTA;CUNDINAMARCA;ENEL COLOMBIA;;;S;;N/A;REGULADO;CLIENTE;26/01/2023;ACTIVO;16/09/2022;GISELL ORIANA PINTO MORENO;1;CODENSA-EEC;12;4;SUBTERRANEA;NIVEL 1-3;100% USUARIO;8621;ACTIVIDADES DE LA PRÁCTICA MÉDICA SIN INTERNACIÓN;6456719;0;0;COMERCIAL;SI;;63119731;;ITRON;0;;;;;;80;S;5;3;0;1487.488;1082300;;;;;
EXEC;1216;1216;830033206;BODYTECH GRAN ESTACIÓN;Frt28337;FRONTERA;NO APLICA;Avenida Calle 26 # 62 47 piso 4;;Avenida Calle 26 # 62 47 piso 4;BOGOTA;CUNDINAMARCA;ENEL COLOMBIA;;;S;;N/A;REGULADO;EN OFERTA;26/01/2023;ACTIVO;16/09/2022;GISELL ORIANA PINTO MORENO;1;CODENSA-EEC;12;4;SUBTERRANEA;NIVEL 1-3;100% OPERADOR;8621;ACTIVIDADES DE LA PRÁCTICA MÉDICA SIN INTERNACIÓN;2662312-5;0;0;COMERCIAL;SI;;84170814;;ITRON;0;;;;;;100;S;5;3;;;;68;;;;
EXEC;1217;1217;830033206;BODYTECH HAYUELOS;Frt23702;FRONTERA;NO APLICA;C.C. Hayuelos Calle 20 Nº 82 - 52 L. 4-59;;C.C. Hayuelos Calle 20 Nº 82 - 52 L. 4-59;BOGOTA;CUNDINAMARCA;ENEL COLOMBIA;;;S;;N/A;REGULADO;EN OFERTA;26/01/2023;ACTIVO;16/09/2022;GISELL ORIANA PINTO MORENO;1;CODENSA-EEC;12;4;SUBTERRANEA;NIVEL 1-3;100% USUARIO;8621;ACTIVIDADES DE LA PRÁCTICA MÉDICA SIN INTERNACIÓN;2739543-6;0;0;COMERCIAL;SI;;84170811;;ITRON;0;;;;;;60;S;5;3;;;;75;1799;;;
EXEC;1218;1218;830033206;BODYTECH HAYUELOS;Frt23832;FRONTERA;NO APLICA;C.C. Hayuelos Calle 20 Nº 82 - 52 L. 4-59;;C.C. Hayuelos Calle 20 Nº 82 - 52 L. 4-59;BOGOTA;CUNDINAMARCA;ENEL COLOMBIA;;;S;;N/A;REGULADO;EN OFERTA;26/01/2023;ACTIVO;16/09/2022;GISELL ORIANA PINTO MORENO;1;CODENSA-EEC;12;4;SUBTERRANEA;NIVEL 1-3;100% USUARIO;8621;ACTIVIDADES DE LA PRÁCTICA MÉDICA SIN INTERNACIÓN;2739539-1;0;0;COMERCIAL;SI;;84170813;;ITRON;0;;;;;;60;S;5;3;;;;;;;;
EXEC;1219;1219;830033206;BODYTECH JARDIN PLAZA;Frt07088;FRONTERA;NO APLICA;Carrera 98 #16-200 loc.202 c,c Jardin Plaza;;Carrera 98 #16-200 loc.202 c,c Jardin Plaza;CALI;VALLE;ENEL COLOMBIA;;;S;;N/A;REGULADO;EN OFERTA;26/01/2023;ACTIVO;16/09/2022;GISELL ORIANA PINTO MORENO;2;EMCALI;33;4;SUBTERRANEA;NIVEL 1-3;100% USUARIO;8621;ACTIVIDADES DE LA PRÁCTICA MÉDICA SIN INTERNACIÓN;14570828;0;0;COMERCIAL;SI;;36074958;;ITRON;0;;;;;;330;S;5;3;;;;89;;;;
EXEC;1220;1220;830033206;BODYTECH KENNEDY;Frt23840;FRONTERA;NO APLICA;Transversal 78j # 41f-05 sur;;Transversal 78j # 41f-05 sur;BOGOTA;CUNDINAMARCA;ENEL COLOMBIA;;;S;;N/A;REGULADO;EN OFERTA;26/01/2023;ACTIVO;16/09/2022;GISELL ORIANA PINTO MORENO;1;CODENSA-EEC;12;4;SUBTERRANEA;NIVEL 1-3;100% OPERADOR;8621;ACTIVIDADES DE LA PRÁCTICA MÉDICA SIN INTERNACIÓN;761086;0;0;COMERCIAL;SI;;84016600;;ITRON;0;;;;;;60;S;5;3;;;;54;4879;;;
EXEC;1221;1221;830033206;BODYTECH LIMONAR;Frt23883;FRONTERA;NO APLICA;Calle 5 # 69-09 C.C. Premier Limonar L. 401;;Calle 5 # 69-09 C.C. Premier Limonar L. 401;CALI;VALLE;ENEL COLOMBIA;;;S;;N/A;REGULADO;CLIENTE;26/01/2023;ACTIVO;16/09/2022;GISELL ORIANA PINTO MORENO;1;EMCALI;33;4;SUBTERRANEA;NIVEL 1-3;100% OPERADOR;8621;ACTIVIDADES DE LA PRÁCTICA MÉDICA SIN INTERNACIÓN;11738573;0;0;COMERCIAL;SI;;84170894;;ITRON;0;;;;;;100;S;5;3;0;6938.53;5679700;;;;;
EXEC;1222;1222;830033206;BODYTECH LLANOCENTRO;Frt24278;FRONTERA;NO APLICA;Carrera 39C Nº 29C-15 Barrio Balata C.C. Llanocentro L. 3001;;Carrera 39C Nº 29C-15 Barrio Balata C.C. Llanocentro L. 3001;VILLAVICENCIO;META;ENEL COLOMBIA;;;S;;N/A;REGULADO;CLIENTE;26/01/2023;ACTIVO;16/09/2022;GISELL ORIANA PINTO MORENO;1;ELECTROMETA;30;4;SUBTERRANEA;NIVEL 1-3;100% USUARIO;8621;ACTIVIDADES DE LA PRÁCTICA MÉDICA SIN INTERNACIÓN;346861856;0;0;COMERCIAL;SI;;84170849;;ITRON;0;;;;;;160;S;5;3;0;4988.864;4687760;100;;;;
EXEC;1223;1223;830033206;BODYTECH MANIZALES;Frt24336;FRONTERA;NO APLICA;C.C. Sancancio Carrera 27A # 66 - 30 ;;C.C. Sancancio Carrera 27A # 66 - 30 ;MANIZALES;CALDAS;ENEL COLOMBIA;;;S;;N/A;REGULADO;CLIENTE;26/01/2023;ACTIVO;16/09/2022;GISELL ORIANA PINTO MORENO;1;CHEC;35;4;SUBTERRANEA;NIVEL 1-3;100% USUARIO;8621;ACTIVIDADES DE LA PRÁCTICA MÉDICA SIN INTERNACIÓN;572268136;0;0;COMERCIAL;SI;;59005659;;ITRON;0;;;;;;60;S;5;3;0;1670.184;1258670;113;;;;
EXEC;1224;1224;830033206;BODYTECH MAYALES;Frt29597;FRONTERA;NO APLICA;Calle 31 # 6-133 C.C. Mayales 2da etapa L. 215;;Calle 31 # 6-133 C.C. Mayales 2da etapa L. 215;VALLEDUPAR;CESAR;ENEL COLOMBIA;;;S;;N/A;REGULADO;CLIENTE;26/01/2023;ACTIVO;16/09/2022;GISELL ORIANA PINTO MORENO;1;CARIBEMAR;34;4;SUBTERRANEA;NIVEL 1-3;100% USUARIO;8621;ACTIVIDADES DE LA PRÁCTICA MÉDICA SIN INTERNACIÓN;19879910;0;0;COMERCIAL;SI;;84170799;;ITRON;0;;;;;;100;S;5;3;0;4963.23;4128250;79;27972;;;
EXEC;1225;1225;830033206;BODYTECH MEGAMALL;Frt34744;FRONTERA;NO APLICA;CARRERA 33 A # 30A 19 L. 301 PISO 3;;Carrera 33 a # 30a 19 L. 301 piso 3;BUCARAMANGA;SANTANDER;ENEL COLOMBIA;;N;S;;N/A;REGULADO;CLIENTE;26/01/2023;ACTIVO;16/09/2022;GISELL ORIANA PINTO MORENO;1;ESSA;26;4;SUBTERRANEA;NIVEL 1-3;100% USUARIO;8621;ACTIVIDADES DE LA PRÁCTICA MÉDICA SIN INTERNACIÓN;1591450;0;0;COMERCIAL;SI;;59007710;;ITRON;0;;;;;;80;S;5;3;0;4673.16;3467330;93;;;;
EXEC;1226;1226;830033206;BODYTECH MIRAMAR;Frt23714;FRONTERA;NO APLICA;Carrera 43 # 99-50 C.C. Miramar piso 3 L. 301-302;;Carrera 43 # 99-50 C.C. Miramar piso 3 L. 301-302;BARRANQUILLA;ATLANTICO;ENEL COLOMBIA;;;S;;N/A;REGULADO;CLIENTE;26/01/2023;ACTIVO;16/09/2022;GISELL ORIANA PINTO MORENO;1;CARIBESOL;42;4;SUBTERRANEA;NIVEL 1-3;100% USUARIO;8621;ACTIVIDADES DE LA PRÁCTICA MÉDICA SIN INTERNACIÓN;18748123;0;0;COMERCIAL;SI;;55026926;;ITRON;0;;;;;;160;S;5;3;0;4275.856;4304760;104;;;;
EXEC;1227;1227;830033206;BODYTECH MIRAMAR;Frt24096;FRONTERA;NO APLICA;Carrera 43 # 99-50 C.C. Miramar piso 3 L. 301-302;;Carrera 43 # 99-50 C.C. Miramar piso 3 L. 301-302;BARRANQUILLA;ATLANTICO;ENEL COLOMBIA;;;S;;N/A;REGULADO;CLIENTE;26/01/2023;ACTIVO;16/09/2022;GISELL ORIANA PINTO MORENO;1;CARIBESOL;42;4;SUBTERRANEA;NIVEL 1-3;100% USUARIO;8621;ACTIVIDADES DE LA PRÁCTICA MÉDICA SIN INTERNACIÓN;18696855;0;0;COMERCIAL;SI;;59006641;;ITRON;0;;;;;;80;S;5;3;0;1284.008;1292680;108;;;;
EXEC;1228;1228;830033206;BODYTECH MURILLO;Frt23869;FRONTERA;NO APLICA;Calle 45 (murillo) # 21-18 piso 2 ,3 ,4;;Calle 45 (murillo) # 21-18 piso 2 ,3 ,4;BARRANQUILLA;ATLANTICO;ENEL COLOMBIA;;;S;;N/A;REGULADO;CLIENTE;26/01/2023;ACTIVO;16/09/2022;GISELL ORIANA PINTO MORENO;2;CARIBESOL;44;4;SUBTERRANEA;NIVEL 1-3;100% USUARIO;8621;ACTIVIDADES DE LA PRÁCTICA MÉDICA SIN INTERNACIÓN;19680564;0;0;COMERCIAL;SI;;84016772;;ITRON;0;;;;;;440;S;5;3;0;3899.412;3185170;105;;;;
EXEC;1229;1229;830033206;BODYTECH NEIVA;Frt30775;FRONTERA;NO APLICA;Carrera 8a # 38-42 C.C. San Pedro Plaza L. 291;;Carrera 8a # 38-42 C.C. San Pedro Plaza L. 291;NEIVA;HUILA;ENEL COLOMBIA;;;S;;N/A;REGULADO;CLIENTE;26/01/2023;ACTIVO;16/09/2022;GISELL ORIANA PINTO MORENO;1;ELECTROHUILA;28;4;SUBTERRANEA;NIVEL 1-3;100% USUARIO;8621;ACTIVIDADES DE LA PRÁCTICA MÉDICA SIN INTERNACIÓN;777334401;0;0;COMERCIAL;SI;;84081249;;ITRON;0;;;;;;80;S;5;3;0;4497.296;4005810;51;;;;
EXEC;1230;1230;830033206;BODYTECH NORMANDIA;Frt28236;FRONTERA;NO APLICA;CR 72 Nº 49 29;;CR 72 Nº 49 29;BOGOTA;CUNDINAMARCA;ENEL COLOMBIA;;;S;;N/A;REGULADO;EN OFERTA;26/01/2023;ACTIVO;16/09/2022;GISELL ORIANA PINTO MORENO;2;CODENSA-EEC;12;4;SUBTERRANEA;NIVEL 1-3;100% USUARIO;8621;ACTIVIDADES DE LA PRÁCTICA MÉDICA SIN INTERNACIÓN;4425153;0;0;COMERCIAL;SI;;84081267;;ITRON;0;;;;;;400;S;5;3;;;;55;;;;
EXEC;1231;1231;830033206;BODYTECH OESTE;Frt28290;FRONTERA;NO APLICA;CALLE 7 OESTE Nº 1A - 59 BARRIO SANTA TERESITA;;Calle 7 Oeste Nº 1A - 59 Barrio Santa Teresita;CALI;VALLE;ENEL COLOMBIA;0;N;S;;N/A;REGULADO;CLIENTE;26/01/2023;ACTIVO;16/09/2022;GISELL ORIANA PINTO MORENO;1;EMCALI;33;4;SUBTERRANEA;NIVEL 1-3;100% USUARIO;8621;ACTIVIDADES DE LA PRÁCTICA MÉDICA SIN INTERNACIÓN;13374089;0;0;COMERCIAL;SI;;83910967;;ITRON;0;;;;;;100;S;5;3;0;5852.46;4480980;64;;;;
EXEC;1232;1232;830033206;BODYTECH OESTE;Frt28285;FRONTERA;NO APLICA;Calle 7 Oeste Nº 1A - 59 Barrio Santa Teresita;;Calle 7 Oeste Nº 1A - 59 Barrio Santa Teresita;CALI;VALLE;ENEL COLOMBIA;;;S;;N/A;REGULADO;EN OFERTA;26/01/2023;ACTIVO;16/09/2022;GISELL ORIANA PINTO MORENO;1;EMCALI;33;4;SUBTERRANEA;NIVEL 1-3;100% USUARIO;8621;ACTIVIDADES DE LA PRÁCTICA MÉDICA SIN INTERNACIÓN;366699;0;0;COMERCIAL;SI;;84170846;;ITRON;0;;;;;;40;S;5;3;;;;85;;;;
EXEC;1233;1233;830033206;BODYTECH PALMIRA;Frt24565;FRONTERA;NO APLICA;Calle 31 # 44-239 C.C. Llano grande;;Calle 31 # 44-239 C.C. Llano grande;CALI;VALLE;ENEL COLOMBIA;;;S;;N/A;REGULADO;EN OFERTA;26/01/2023;ACTIVO;16/09/2022;GISELL ORIANA PINTO MORENO;1;EPSA;29;4;SUBTERRANEA;NIVEL 1-3;100% USUARIO;8621;ACTIVIDADES DE LA PRÁCTICA MÉDICA SIN INTERNACIÓN;3475854;0;0;COMERCIAL;SI;;63052371;;ITRON;0;;;;;;120;S;5;3;;;;82;9982;;;
EXEC;1234;1234;830033206;BODYTECH PASTO;Frt28232;FRONTERA;NO APLICA;Calle 22 b # 2 - 63//67 Éxito Panamerica;;Calle 22 b # 2 - 63//67 Éxito Panamerica;PASTO;NARIÑO;ENEL COLOMBIA;;;S;;N/A;REGULADO;CLIENTE;26/01/2023;ACTIVO;16/09/2022;GISELL ORIANA PINTO MORENO;1;CEDENAR;39;0;SUBTERRANEA;NIVEL 1-3;50% OPERADOR;8621;ACTIVIDADES DE LA PRÁCTICA MÉDICA SIN INTERNACIÓN;1232044;0;0;COMERCIAL;SI;;84170806;;ITRON;0;;;;;;40;S;5;3;0;1383.184;1361930;59;;;;
EXEC;1235;1235;830033206;BODYTECH PEREIRA;Frt23720;FRONTERA;NO APLICA;Avenida Circunvalar # 13-40  Edificio Uniplex piso 5 y 6;;Avenida Circunvalar # 13-40  Edificio Uniplex piso 5 y 6;PEREIRA;RISARALDA;ENEL COLOMBIA;;;S;;N/A;REGULADO;CLIENTE;26/01/2023;ACTIVO;16/09/2022;GISELL ORIANA PINTO MORENO;1;EEP;31;4;SUBTERRANEA;NIVEL 1-3;100% USUARIO;8621;ACTIVIDADES DE LA PRÁCTICA MÉDICA SIN INTERNACIÓN;2012919;0;0;COMERCIAL;SI;;59008066;;ITRON;0;;;;;;160;S;5;3;0;1636.684;1445110;99;;;;
EXEC;1236;1236;830033206;BODYTECH PLAZUELA;Frt07175;FRONTERA;NO APLICA;C.C. La Plazuela Calle 71 Nº 29 -236 L.1-5 ;;C.C. La Plazuela Calle 71 Nº 29 -236 L.1-5 ;CARTAGENA;BOLIVAR;ENEL COLOMBIA;;;S;;N/A;REGULADO;CLIENTE;26/01/2023;ACTIVO;16/09/2022;GISELL ORIANA PINTO MORENO;1;CARIBEMAR;34;4;SUBTERRANEA;NIVEL 1-3;100% USUARIO;8621;ACTIVIDADES DE LA PRÁCTICA MÉDICA SIN INTERNACIÓN;18539603;0;0;COMERCIAL;SI;;83692746;;ITRON;0;;;;;;80;S;5;3;0;5126.072;4263700;94;;;;
EXEC;1237;1237;830033206;BODYTECH PORTAL 80;Frt23838;FRONTERA;NO APLICA;Transversal 100a# 80a- 20 L. 3001 C.C. Portal 80;;Transversal 100a# 80a- 20 L. 3001 C.C. Portal 80;BOGOTA;CUNDINAMARCA;ENEL COLOMBIA;;;S;;N/A;REGULADO;EN OFERTA;26/01/2023;ACTIVO;16/09/2022;GISELL ORIANA PINTO MORENO;1;CODENSA-EEC;12;4;SUBTERRANEA;NIVEL 1-3;100% USUARIO;8621;ACTIVIDADES DE LA PRÁCTICA MÉDICA SIN INTERNACIÓN;2447055;0;0;COMERCIAL;SI;;84081266;;ITRON;0;;;;;;120;S;5;3;;;;56;9232;;;
EXEC;1238;1238;830033206;BODYTECH PREMIUM PLAZA;Frt25805;FRONTERA;NO APLICA;Carrera 43A Nº 30 - 25 C.C. Premium Plaza Piso 3 L. 3189;;Carrera 43A Nº 30 - 25 C.C. Premium Plaza Piso 3 L. 3189;MEDELLIN;ANTIOQUIA;ENEL COLOMBIA;;;S;;N/A;REGULADO;EN OFERTA;26/01/2023;ACTIVO;16/09/2022;GISELL ORIANA PINTO MORENO;1;EPM-EADE;27;4;SUBTERRANEA;NIVEL 1-3;100% USUARIO;8621;ACTIVIDADES DE LA PRÁCTICA MÉDICA SIN INTERNACIÓN;5,34E+16;0;0;COMERCIAL;SI;;84170888;;ITRON;0;;;;;;200;S;5;3;;;;110;;;;
EXEC;1239;1239;830033206;BODYTECH RECREO;Frt24469;FRONTERA;NO APLICA;CL 75 22 10;;CL 75 22 10;BARRANQUILLA;ATLANTICO;ENEL COLOMBIA;;;S;;N/A;REGULADO;EN OFERTA;26/01/2023;ACTIVO;16/09/2022;GISELL ORIANA PINTO MORENO;2;CARIBESOL;43;4;SUBTERRANEA;NIVEL 1-3;100% USUARIO;8621;ACTIVIDADES DE LA PRÁCTICA MÉDICA SIN INTERNACIÓN;19593449;0;0;COMERCIAL;SI;;83911050;;ITRON;0;;;;;;440;S;5;3;;;;98;;;;
EXEC;1240;1240;830033206;BODYTECH RIO SUR;Frt23882;FRONTERA;NO APLICA;Carrera 43A Nº 6 sur - 26 CC. Río sur - piso 6;;Carrera 43A Nº 6 sur - 26 CC. Río sur - piso 6;MEDELLIN;ANTIOQUIA;ENEL COLOMBIA;;;S;;N/A;REGULADO;CLIENTE;26/01/2023;ACTIVO;16/09/2022;GISELL ORIANA PINTO MORENO;1;EPM-EADE;27;4;SUBTERRANEA;NIVEL 1-3;100% OPERADOR;8621;ACTIVIDADES DE LA PRÁCTICA MÉDICA SIN INTERNACIÓN;4,04E+16;0;0;COMERCIAL;SI;;84016788;;ITRON;0;;;;;;80;S;5;3;0;1082.064;910040;109;;;;
EXEC;1241;1241;830033206;BODYTECH SALITRE;Frt23713;FRONTERA;NO APLICA;AV. Carrrera 68 # 22 - 45;;AV. Carrrera 68 # 22 - 45;BOGOTA;CUNDINAMARCA;ENEL COLOMBIA;;;S;;N/A;REGULADO;CLIENTE;26/01/2023;ACTIVO;16/09/2022;GISELL ORIANA PINTO MORENO;1;CODENSA-EEC;12;4;SUBTERRANEA;NIVEL 1-3;100% OPERADOR;8621;ACTIVIDADES DE LA PRÁCTICA MÉDICA SIN INTERNACIÓN;1638766;0;0;COMERCIAL;SI;;84070778;;ITRON;0;;;;;;1;S;5;3;0;1531.88;1196730;49;7620;;;
EXEC;1242;1242;830033206;BODYTECH SAN JUAN;Frt28345;FRONTERA;NO APLICA;Carrera 84 Nº 44-54 INT 201;;Carrera 84 Nº 44-54 INT 201;MEDELLIN;ANTIOQUIA;ENEL COLOMBIA;;;S;;N/A;REGULADO;EN OFERTA;26/01/2023;ACTIVO;16/09/2022;GISELL ORIANA PINTO MORENO;1;EPM-EADE;27;4;SUBTERRANEA;NIVEL 1-3;100% OPERADOR;8621;ACTIVIDADES DE LA PRÁCTICA MÉDICA SIN INTERNACIÓN;5,48E+16;0;0;COMERCIAL;SI;;84170842;;ITRON;0;;;;;;80;S;5;3;;;;67;;;;
EXEC;1243;1243;830033206;BODYTECH SAN LUCAS;Frt28339;FRONTERA;NO APLICA;Calle 20 sur Nº 27-55 sótano 4  L. 9658;;Calle 20 sur Nº 27-55 sótano 4  L. 9658;MEDELLIN;ANTIOQUIA;ENEL COLOMBIA;;;S;;N/A;REGULADO;CLIENTE;26/01/2023;ACTIVO;16/09/2022;GISELL ORIANA PINTO MORENO;1;EPM-EADE;27;4;SUBTERRANEA;NIVEL 1-3;100% USUARIO;8621;ACTIVIDADES DE LA PRÁCTICA MÉDICA SIN INTERNACIÓN;4,22E+16;0;0;COMERCIAL;SI;;84170843;;ITRON;0;;;;;;60;S;5;3;0;1130.928;867770;62;;;;
EXEC;1244;1244;830033206;BODYTECH SANTA ANA;Frt30535;FRONTERA;NO APLICA;Avenida Carrera 9 # 110-50 L. Anclas 1 y 2;;Avenida Carrera 9 # 110-50 L. Anclas 1 y 2;BOGOTA;CUNDINAMARCA;ENEL COLOMBIA;;;S;;N/A;REGULADO;CLIENTE;26/01/2023;ACTIVO;16/09/2022;GISELL ORIANA PINTO MORENO;1;CODENSA-EEC;12;4;SUBTERRANEA;NIVEL 1-3;100% USUARIO;8621;ACTIVIDADES DE LA PRÁCTICA MÉDICA SIN INTERNACIÓN;2501211-5;0;0;COMERCIAL;SI;;59007885;;ITRON;0;;;;;;1;S;5;3;0;443.368;323030;;;;;
EXEC;1245;1245;830033206;BODYTECH SOLEDAD;Frt28476;FRONTERA;NO APLICA;Carrera 32 # 30 15 piso 3  C.C. Gran Plaza del Sol;;Carrera 32 # 30 15 piso 3  C.C. Gran Plaza del Sol;BARRANQUILLA;ATLANTICO;ENEL COLOMBIA;;;S;;N/A;REGULADO;CLIENTE;26/01/2023;ACTIVO;16/09/2022;GISELL ORIANA PINTO MORENO;1;CARIBESOL;40;4;SUBTERRANEA;NIVEL 1-3;100% USUARIO;8621;ACTIVIDADES DE LA PRÁCTICA MÉDICA SIN INTERNACIÓN;19823599;0;0;COMERCIAL;SI;;63058700;;ITRON;0;;;;;;120;S;5;3;0;8197.74;8253130;80;35280;;;
EXEC;1246;1246;830033206;BODYTECH SUBA;Frt23712;FRONTERA;NO APLICA;Av. Carrera 104 Nº 148 - 07 loc 269 C.C. Plaza Imperial;;Av. Carrera 104 Nº 148 - 07 loc 269 C.C. Plaza Imperial;BOGOTA;CUNDINAMARCA;ENEL COLOMBIA;;;S;;N/A;REGULADO;CLIENTE;26/01/2023;ACTIVO;16/09/2022;GISELL ORIANA PINTO MORENO;1;CODENSA-EEC;12;4;SUBTERRANEA;NIVEL 1-3;100% OPERADOR;8621;ACTIVIDADES DE LA PRÁCTICA MÉDICA SIN INTERNACIÓN;2552828;0;0;COMERCIAL;SI;;84016785;;ITRON;0;;;;;;120;S;5;3;0;1766.736;1383370;112;;;;
EXEC;1247;1247;830033206;BODYTECH SULTANA;Frt23716;FRONTERA;NO APLICA;CALLE 12 SUR Nº 31 -33;;Calle 12 sur Nº 31 -33;BOGOTA;CUNDINAMARCA;ENEL COLOMBIA;;N;S;;N/A;REGULADO;CLIENTE;26/01/2023;ACTIVO;16/09/2022;GISELL ORIANA PINTO MORENO;1;CODENSA-EEC;12;4;SUBTERRANEA;NIVEL 1-3;100% OPERADOR;8621;ACTIVIDADES DE LA PRÁCTICA MÉDICA SIN INTERNACIÓN;141874;0;0;COMERCIAL;SI;;84070776;;ITRON;0;;;;;;1;S;5;3;0;884.2;690750;74;2970;;;
EXEC;1248;1248;830033206;BODYTECH SULTANA;Frt23864;FRONTERA;NO APLICA;Calle 12 sur Nº 31 -33;;Calle 12 sur Nº 31 -33;BOGOTA;CUNDINAMARCA;ENEL COLOMBIA;;;S;;N/A;REGULADO;CLIENTE;26/01/2023;ACTIVO;16/09/2022;GISELL ORIANA PINTO MORENO;1;CODENSA-EEC;12;4;SUBTERRANEA;NIVEL 1-3;100% OPERADOR;8621;ACTIVIDADES DE LA PRÁCTICA MÉDICA SIN INTERNACIÓN;141884;0;0;COMERCIAL;SI;;84070744;;ITRON;0;;;;;;1;S;5;3;0;492.12;389760;77;2743;;;
EXEC;1249;1249;830033206;BODYTECH TITAN PLAZA;Frt28693;FRONTERA;NO APLICA;Avenida Carrera 72 Nº 80 - 94 L. 427;;Avenida Carrera 72 Nº 80 - 94 L. 427;BOGOTA;CUNDINAMARCA;ENEL COLOMBIA;;;S;;N/A;REGULADO;CLIENTE;26/01/2023;ACTIVO;16/09/2022;GISELL ORIANA PINTO MORENO;1;CODENSA-EEC;12;4;SUBTERRANEA;NIVEL 1-3;100% USUARIO;8621;ACTIVIDADES DE LA PRÁCTICA MÉDICA SIN INTERNACIÓN;3900397;0;0;COMERCIAL;SI;;59003422;;ITRON;0;;;;;;100;S;5;3;0;1545.36;1121170;88;;;;
EXEC;1250;1250;830070284;RESONANCIA MAGNETICA DEL COUNTRY SA;Frt09999;FRONTERA;NO APLICA; CR 16A     82     37   ;; CR 16 A    82     37   ;BOGOTA;CUNDINAMARCA;ENEL COLOMBIA;0;N;S;;N/A;REGULADO;CLIENTE;26/01/2023;;16/09/2022;ANDREA SAENZ;2;CODENSA-EEC;12;4;SUBTERRANEA;NIVEL 1-3;100% USUARIO;8691;ACTIVIDADES DE APOYO DIAGNÓSTICO;523110;0;0;ESPECIAL;NO;;83779927;;ITRON;0;;;;;;570;S;5;3;0;12591.585;6563800;46;65759;;;
EXEC;1252;1252;830070284;RESONANCIA MAGNETICA DEL COUNTRY SA - ALMIRANTE COLON;Frt11177;FRONTERA;NO APLICA; CR 16 A    84 A    09     323   ;;ALMIRANTE COLON;BOGOTA;CUNDINAMARCA;ENEL COLOMBIA;0;N;S;;N/A;REGULADO;CLIENTE;26/01/2023;;16/09/2022;ANDREA SAENZ;1;CODENSA-EEC;12;4;SUBTERRANEA;NIVEL 1-3;100% OPERADOR;8691;ACTIVIDADES DE APOYO DIAGNÓSTICO;515441;0;0;ESPECIAL;NO;;59046103;;LANDYS;0;;;;;;80;S;6;2;0;3980.53;2593040;47;20837;;;
EXEC;1264;1264;900522508;SUPERVAQUITA LA 33;Frt30684;FRONTERA;NO APLICA; CL 33     83 A    40   ;; CL 33     83 A    40   ;MEDELLIN;ANTIOQUIA;ENEL COLOMBIA;0;N;S;;N/A;REGULADO;CLIENTE;02/02/2023;;16/09/2022;GISELL ORIANA PINTO MORENO;2;CODENSA-EEC;12;4;SUBTERRANEA;NIVEL 1-3;100% OPERADOR;1011;PROCESAMIENTO Y CONSERVACIÓN DE CARNE Y PRODUCTOS CÁRNICOS;515441;0;0;INDUSTRIAL;NO;;;;;0;;;;;;;;;;;;;115;;;;
EXEC;1265;1265;900522508;SUPERVAQUITA POBLADO;Frt46842;FRONTERA;NO APLICA; CL   SUR  DG 29 D    76   ;; CL 9  SUR  DG 29 D    76   ;MEDELLIN;ANTIOQUIA;ENEL COLOMBIA;0;N;N;;N/A;REGULADO;EN CONTACTO;08/08/2022;;16/09/2022;GISELL ORIANA PINTO MORENO;2;CODENSA-EEC;12;4;SUBTERRANEA;NIVEL 1-3;100% OPERADOR;1011;PROCESAMIENTO Y CONSERVACIÓN DE CARNE Y PRODUCTOS CÁRNICOS;515441;0;0;INDUSTRIAL;NO;;;;;0;;;;;;;;;;;;;116;;;;
